datetime,time,open,high,low,close,volume,EMA20,EMA50,RSI,MACD,Hist,vol_ratio,POC,fundingRate
2026-03-25 16:00:00,1774454400000,2162.56,2186.85,2155.93,2172.69,46113.5072,2172.69,2172.69,,0.0,0.0,,,
2026-03-25 20:00:00,1774468800000,2172.68,2183.5,2159.42,2169.02,21985.1746,2169.02,2169.02,,0.0,0.0,,,
2026-03-26 00:00:00,1774483200000,2169.02,2172.19,2144.05,2153.21,29526.6584,2167.514285714286,2168.4,,-1.2611965811966002,-1.0089572649572802,,,
2026-03-26 04:00:00,1774497600000,2153.22,2154.58,2112.17,2123.64,49214.7706,2123.64,2123.64,,0.0,0.0,,,
2026-03-26 08:00:00,1774512000000,2123.64,2126.89,2062.94,2068.44,76476.7034,2118.382857142857,2121.475294117647,,-4.403418803418845,-3.522735042735076,,,
2026-03-26 12:00:00,1774526400000,2068.45,2093.79,2052.01,2070.4,74259.0218,2113.81306122449,2119.472341407151,,-7.646856113181002,-5.412937881997786,,,
2026-03-26 16:00:00,1774540800000,2070.4,2070.95,2034.54,2049.12,65545.1975,2107.651817298348,2116.713426057851,,-11.798416898741834,-7.651598934046895,,,
2026-03-26 20:00:00,1774555200000,2049.11,2080.42,2046.54,2060.43,42988.2721,2103.154501365172,2114.506232879112,,-14.014387122201695,-7.894055326005406,,,
2026-03-27 00:00:00,1774569600000,2060.43,2077.19,2056.8,2061.48,22743.3242,2099.185501235156,2112.426772766205,,-15.507077330072208,-7.509396427100731,,,
2026-03-27 04:00:00,1774584000000,2061.49,2072.36,2043.49,2066.23,52118.1988,2066.23,2066.23,,0.0,0.0,,2066.23,
2026-03-27 08:00:00,1774598400000,2066.24,2069.6,1983.02,1991.8,119274.8749,2059.1414285714286,2063.311176470588,,-5.937435897435989,-4.749948717948792,,1991.8,
2026-03-27 12:00:00,1774612800000,1991.8,2010.45,1970.93,1991.32,108873.3737,2052.682244897959,2060.4879930795846,,-10.55990065015726,-7.49793077653605,,1991.32,
2026-03-27 16:00:00,1774627200000,1991.32,1997.73,1974.48,1991.71,70350.7315,2046.875364431487,2057.790816880385,,-14.030037984623505,-8.774454488801835,,1991.71,
2026-03-27 20:00:00,1774641600000,1991.7,1996.31,1980.0,1992.75,21513.0217,2041.7205678189644,2055.2401966105663,,-16.505957115790807,-9.000298895975309,,1992.75,
2026-03-28 00:00:00,1774656000000,1992.76,1995.16,1983.17,1989.19,17995.8198,2036.7176565981104,2052.649992821917,,-18.54166632549982,-8.828806484547457,,1989.19,
2026-03-28 04:00:00,1774670400000,1989.19,2008.35,1987.3,2007.07,18318.467,2007.07,2007.07,,0.0,0.0,,2007.07,
2026-03-28 08:00:00,1774684800000,2007.07,2008.34,1992.77,1997.64,18237.6229,2006.171904761905,2006.7001960784312,,-0.7522507122505431,-0.6018005698004345,,1997.64,
2026-03-28 12:00:00,1774699200000,1997.64,2047.45,1992.25,2026.84,65210.0923,2008.1402947845804,2007.4899923106493,,0.9962964586327416,0.9173972808662804,,2026.84,
2026-03-28 16:00:00,1774713600000,2026.84,2030.23,2016.5,2020.56,12710.5504,2009.3231238527155,2008.0025416318008,,1.8539183565198984,1.4200153430027496,,2020.56,
2026-03-28 20:00:00,1774728000000,2020.57,2026.48,1989.64,1994.74,22359.2531,2007.9342549143616,2007.4824419599647,,0.4450019704597707,0.0088791655540975,,1994.74,
2026-03-29 00:00:00,1774742400000,1994.74,2019.65,1991.52,2011.1,16613.2608,2008.2357544463275,2007.6243069811435,,0.6411500785841326,0.1640218189427675,,2011.1,
2026-03-29 04:00:00,1774756800000,2011.1,2012.72,1997.67,2006.14,12828.4597,2006.14,2006.14,,0.0,0.0,,2006.14,
2026-03-29 08:00:00,1774771200000,2006.14,2008.16,1991.9,2003.78,15067.8231,2005.9152380952385,2006.0474509803923,,-0.188262108262279,-0.1506096866098232,,2003.78,
2026-03-29 12:00:00,1774785600000,2003.78,2004.9,1983.56,1992.97,25232.6686,2004.682358276644,2005.5346097654751,,-1.1959516562367298,-0.9266393876674192,,1992.97,
2026-03-29 16:00:00,1774800000000,1992.98,2003.61,1987.6,1995.89,16964.0358,2003.8449908217256,2005.156389774672,,-1.738888462698469,-1.1756609553033268,,1995.89,
2026-03-29 20:00:00,1774814400000,1995.89,2009.48,1938.82,1984.64,80020.4902,2002.0159440767995,2004.351825469783,,-3.041885807217568,-1.9829266398579408,,1984.64,
2026-03-30 00:00:00,1774828800000,1984.65,2043.5,1980.28,2035.88,70029.5862,2005.2410922599613,2005.588224470968,,0.0594340602644933,0.8947145820992968,,2035.88,
2026-03-30 04:00:00,1774843200000,2035.88,2068.28,2035.88,2059.58,52260.9134,2059.58,2059.58,,0.0,0.0,,2059.58,
2026-03-30 08:00:00,1774857600000,2059.58,2081.65,2048.14,2071.28,50627.4687,2060.694285714286,2060.038823529412,,0.933333333333394,0.7466666666667152,,2071.28,
2026-03-30 12:00:00,1774872000000,2071.29,2085.0,2044.25,2074.53,70195.1822,2062.011972789116,2060.6071049596308,,1.9132003798672488,1.3812269705604558,,2074.53,
2026-03-30 16:00:00,1774886400000,2074.53,2074.99,2013.33,2023.7,60238.4065,2058.3632134758664,2059.159767510233,,-1.3957151862946375,-1.5421508764811442,,2023.7,
2026-03-30 20:00:00,1774900800000,2023.7,2049.1,2013.92,2026.48,34952.8774,2055.326716954356,2057.8782080000283,,-3.750498434013025,-3.117547299359625,,2026.48,
2026-03-31 00:00:00,1774915200000,2026.48,2092.34,2016.29,2066.71,66502.1402,2056.410839149178,2058.224552784341,,-2.3434425918098896,-1.3683931657251918,,2066.71,
2026-03-31 04:00:00,1774929600000,2066.71,2072.24,2042.31,2055.97,34849.5818,2055.97,2055.97,,0.0,0.0,,2055.97,
2026-03-31 08:00:00,1774944000000,2055.98,2059.2,2012.64,2041.2,62779.5377,2054.563333333333,2055.3907843137254,,-1.178233618233662,-0.9425868945869296,,2041.2,
2026-03-31 12:00:00,1774958400000,2041.21,2092.0,2035.02,2054.85,95949.4482,2054.590634920635,2055.369577085736,,-0.9990350727675832,-0.6107106792966805,,2054.85,
2026-03-31 16:00:00,1774972800000,2054.85,2124.03,2054.29,2096.54,126072.2648,2058.585812547241,2056.984103474531,,2.478445668812128,2.2934160498264244,,2096.54,
2026-03-31 20:00:00,1774987200000,2096.54,2111.01,2088.35,2105.43,35744.9296,2063.047163733218,2058.8839425539613,,5.88389701143069,4.559093913955989,,2105.43,
2026-04-01 00:00:00,1775001600000,2105.43,2117.79,2082.08,2102.91,37975.9983,2066.8436243300544,2060.6104546106685,,8.283907071756403,5.567283179425361,,2102.91,
2026-04-01 04:00:00,1775016000000,2102.91,2158.0,2100.35,2131.0,78179.0218,2131.0,2131.0,,0.0,0.0,,2131.0,
2026-04-01 08:00:00,1775030400000,2131.0,2142.93,2125.0,2135.32,46234.2524,2131.4114285714286,2131.1694117647057,,0.3446153846152811,0.2756923076922248,,2135.32,
2026-04-01 12:00:00,1775044800000,2135.32,2152.0,2108.72,2135.04,77261.013,2131.757006802721,2131.3211995386387,,0.588349769888282,0.4155413543721806,,2135.04,
2026-04-01 16:00:00,1775059200000,2135.04,2167.85,2123.58,2141.43,74639.0666,2132.678244250081,2131.717623086143,,1.282348507410461,0.8876320735154877,,2141.43,
2026-04-01 20:00:00,1775073600000,2141.43,2165.42,2130.7,2140.35,84938.0258,2133.408887654836,2132.056147671,,1.725312207664501,1.0644766190156223,,2140.35,
2026-04-02 00:00:00,1775088000000,2140.35,2159.37,2046.48,2056.33,108784.5193,2126.068041211517,2129.086494821157,,-4.649748280258336,-4.248467095125772,,2056.33,
2026-04-02 04:00:00,1775102400000,2056.33,2058.45,2038.63,2056.09,45874.1458,2056.09,2056.09,,0.0,0.0,,2056.09,
2026-04-02 08:00:00,1775116800000,2056.09,2056.09,2024.73,2033.01,34776.9717,2053.8919047619047,2055.1849019607844,,-1.84113960113973,-1.472911680911784,,2033.01,
2026-04-02 12:00:00,1775131200000,2033.02,2072.22,2017.04,2059.6,88821.5481,2054.4355328798183,2055.358043060361,,-1.1415066436147754,-0.6186229787094635,,2059.6,
2026-04-02 16:00:00,1775145600000,2059.59,2077.64,2043.65,2065.34,44924.9508,2055.474053557931,2055.749492352112,,-0.1224608034613083,0.3203382891552028,,2065.34,
2026-04-02 20:00:00,1775160000000,2065.35,2074.16,2053.54,2057.17,23690.6966,2055.6355722666995,2055.8051985343823,,0.025594607523999,0.3747149601124082,,2057.17,
2026-04-03 00:00:00,1775174400000,2057.18,2062.49,2040.66,2054.23,27862.5809,2054.23,2054.23,,0.0,0.0,,2054.23,
2026-04-03 04:00:00,1775188800000,2054.22,2075.17,2047.35,2065.85,24471.2575,2065.85,2065.85,,0.0,0.0,,2065.85,
2026-04-03 08:00:00,1775203200000,2065.84,2072.0,2053.46,2062.64,21397.6282,2065.5442857142857,2065.724117647059,,-0.2560683760684696,-0.2048547008547757,,2062.64,
2026-04-03 12:00:00,1775217600000,2062.64,2081.76,2041.65,2051.26,34731.975,2064.1838775510205,2065.156897347174,,-1.361579857306424,-1.048292945674184,,2051.26,
2026-04-03 16:00:00,1775232000000,2051.26,2056.54,2043.78,2052.68,12701.8429,2063.088270165209,2064.667607255128,,-2.0989283983640235,-1.4285131893854268,,2052.68,
2026-04-03 20:00:00,1775246400000,2052.69,2060.92,2049.23,2053.83,15101.3548,2062.206530149475,2064.242603049044,,-2.5609658205789856,-1.5124404892803112,,2053.83,
2026-04-04 00:00:00,1775260800000,2053.83,2053.86,2047.92,2050.05,7032.7972,2061.0487653733344,2063.686030380454,,-3.1953146178061616,-1.7174314292059896,,2050.05,
2026-04-04 04:00:00,1775275200000,2050.05,2058.0,2048.41,2053.82,9175.3802,2053.82,2053.82,,0.0,0.0,,2053.82,
2026-04-04 08:00:00,1775289600000,2053.82,2055.44,2047.89,2051.84,11621.7432,2053.631428571429,2053.7423529411767,,-0.1579487179487841,-0.1263589743590273,,2051.84,
2026-04-04 12:00:00,1775304000000,2051.84,2062.02,2044.63,2056.29,21445.1645,2053.8846258503404,2053.8422606689737,,0.0750880268833498,0.0853422163784853,,2056.29,
2026-04-04 16:00:00,1775318400000,2056.29,2084.0,2053.07,2064.71,25517.2179,2054.915613864593,2054.2684465250923,,0.9284918807898066,0.7509968562279536,,2064.71,
2026-04-04 20:00:00,1775332800000,2064.71,2072.15,2059.6,2065.52,11712.1376,2055.925555401299,2054.709683916265,,1.651147414411298,1.1789219118795562,,2065.52,
2026-04-05 00:00:00,1775347200000,2065.51,2065.63,2054.15,2056.64,8367.2542,2055.9935977440323,2054.785382586216,,1.4901379616712802,0.8143299673116304,,2056.64,
2026-04-05 04:00:00,1775361600000,2056.64,2058.09,2027.75,2037.29,20196.3802,2037.29,2037.29,,0.0,0.0,,2037.29,
2026-04-05 08:00:00,1775376000000,2037.29,2052.53,2035.91,2042.32,8916.0507,2037.769047619048,2037.4872549019608,,0.4012535612534975,0.321002849002798,,2042.32,
2026-04-05 12:00:00,1775390400000,2042.31,2069.89,2021.5,2053.85,37354.6547,2053.85,2053.85,,0.0,0.0,,2053.85,
2026-04-05 16:00:00,1775404800000,2053.85,2069.95,2048.69,2062.37,21390.3714,2054.6614285714286,2054.184117647059,,0.6796581196581428,0.5437264957265142,,2062.37,
2026-04-05 20:00:00,1775419200000,2062.38,2123.49,2050.0,2110.17,61128.6087,2059.947959183673,2056.379642445213,,5.017513818881525,3.905265755959917,,2110.17,
2026-04-06 00:00:00,1775433600000,2110.17,2147.24,2110.17,2129.35,65862.4144,2066.5576773566568,2059.2412250944208,,9.888967556804346,7.02137559510619,,2129.35,
2026-04-06 04:00:00,1775448000000,2129.35,2141.0,2120.04,2134.9,40132.1583,2134.9,2134.9,,0.0,0.0,,2134.9,
2026-04-06 08:00:00,1775462400000,2134.91,2174.79,2133.42,2151.53,64975.0888,2136.4838095238097,2135.552156862745,,1.3266096866095722,1.0612877492876578,,2151.53,
2026-04-06 12:00:00,1775476800000,2151.53,2169.6,2137.76,2164.65,75911.3132,2139.1663038548754,2136.693248750481,,3.3974678776953624,2.5057167522987585,,2164.65,
2026-04-06 16:00:00,1775491200000,2164.65,2168.72,2123.6,2144.25,56698.6975,2139.6504653925062,2136.989591936737,,3.3538671114215504,1.969692788819957,,2144.25,
2026-04-06 20:00:00,1775505600000,2144.25,2155.06,2087.5,2107.16,52474.6172,2136.5561353551248,2135.819804017649,,0.3227398203362099,-0.8491476018123068,,2107.16,
2026-04-07 00:00:00,1775520000000,2107.16,2120.14,2093.64,2108.37,34808.2346,2133.8717415117794,2134.743341114996,,-1.9592287390078127,-2.5048929289250634,,2108.37,
2026-04-07 04:00:00,1775534400000,2108.37,2119.21,2096.69,2104.04,24073.3793,2104.04,2104.04,,0.0,0.0,,2104.04,
2026-04-07 08:00:00,1775548800000,2104.03,2133.83,2082.35,2089.58,52681.4772,2102.662857142857,2103.4729411764706,,-1.1535042735044954,-0.9228034188035964,,2089.58,
2026-04-07 12:00:00,1775563200000,2089.58,2093.17,2060.24,2080.06,76548.9624,2100.5102040816323,2102.55478662053,,-2.803531789515091,-2.0582647478513536,,2080.06,
2026-04-07 16:00:00,1775577600000,2080.07,2116.65,2077.52,2113.39,55202.1323,2101.736851311953,2102.979696949137,,-1.405535891351974,-0.5282150797505891,,2113.39,
2026-04-07 20:00:00,1775592000000,2113.39,2273.87,2110.68,2240.01,216780.6235,2114.905722615577,2108.353434323681,,9.806518284033244,8.547071276507705,,2240.01,
2026-04-08 00:00:00,1775606400000,2240.01,2251.39,2228.24,2234.68,71283.3269,2126.312796652189,2113.30741729138,,18.053950834160787,13.435603061308196,,2234.68,
2026-04-08 04:00:00,1775620800000,2234.68,2260.76,2234.68,2253.76,59756.0098,2253.76,2253.76,,0.0,0.0,,2253.76,
2026-04-08 08:00:00,1775635200000,2253.76,2263.35,2237.12,2247.23,52326.6102,2253.1380952380955,2253.5039215686274,,-0.5209116809119223,-0.4167293447295378,,2247.23,
2026-04-08 12:00:00,1775649600000,2247.23,2270.55,2186.61,2215.45,129483.0314,2249.5487528344675,2252.011610918877,,-3.4582537479400344,-2.68325712940612,,2215.45,
2026-04-08 16:00:00,1775664000000,2215.44,2239.5,2197.7,2211.04,53536.308,2245.881252564518,2250.4048810789213,,-6.071974697915266,-4.237582463505081,,2211.04,
2026-04-08 20:00:00,1775678400000,2211.03,2222.55,2179.78,2190.0,38332.3458,2190.0,2190.0,,0.0,0.0,,2190.0,
2026-04-09 00:00:00,1775692800000,2190.0,2193.79,2162.0,2182.49,34908.9725,2189.2847619047616,2189.7054901960782,,-0.5990883190884233,-0.4792706552707386,,2182.49,
2026-04-09 04:00:00,1775707200000,2182.49,2188.99,2175.6,2181.14,24256.0905,2181.14,2181.14,,0.0,0.0,,2181.14,
2026-04-09 08:00:00,1775721600000,2181.14,2197.7,2176.37,2180.26,33344.5829,2181.0561904761903,2181.1054901960783,,-0.0701994301994091,-0.0561595441595272,,2180.26,
2026-04-09 12:00:00,1775736000000,2180.26,2225.0,2157.31,2217.99,76023.3606,2184.573696145125,2182.5519415609383,,2.885401579532754,2.3195531724581087,,2217.99,
2026-04-09 16:00:00,1775750400000,2218.0,2229.4,2193.0,2216.42,57199.04,2187.606677464637,2183.880100715412,,5.042919161749524,3.5816566037399022,,2216.42,
2026-04-09 20:00:00,1775764800000,2216.42,2246.0,2183.33,2190.2,49585.9038,2187.853660563243,2184.1279399030427,,4.584188843979518,2.4983410287759176,,2190.2,
2026-04-10 00:00:00,1775779200000,2190.17,2204.1,2176.1,2186.06,33173.2947,2187.682835747696,2184.2037069656685,,3.842286870296448,1.4051512440742775,,2186.06,
2026-04-10 04:00:00,1775793600000,2186.05,2203.11,2176.4,2179.28,31613.9975,2179.28,2179.28,,0.0,0.0,,2179.28,
2026-04-10 08:00:00,1775808000000,2179.27,2224.28,2177.13,2215.65,47671.2334,2182.743809523809,2180.706274509804,,2.9013105413105222,2.321048433048418,,2215.65,
2026-04-10 12:00:00,1775822400000,2215.66,2257.99,2208.18,2224.27,95750.7477,2186.698684807256,2182.414655901576,,5.828989050413384,4.198981553721024,,2224.27,
2026-04-10 16:00:00,1775836800000,2224.28,2256.0,2221.46,2253.17,37702.4223,2253.17,2253.17,,0.0,0.0,,2253.17,
2026-04-10 20:00:00,1775851200000,2253.17,2257.14,2235.41,2245.05,26987.3902,2252.396666666667,2252.851568627451,,-0.6477492877493205,-0.5181994301994564,,2245.05,
2026-04-11 00:00:00,1775865600000,2245.06,2252.15,2234.81,2237.17,19355.1058,2250.946507936508,2252.2366051518643,,-1.776467398803561,-1.3175340330029577,,2237.17,
2026-04-11 04:00:00,1775880000000,2237.18,2242.93,2229.0,2232.6,22477.3402,2232.6,2232.6,,0.0,0.0,,2232.6,
2026-04-11 08:00:00,1775894400000,2232.6,2249.31,2232.14,2246.11,22661.8276,2233.8866666666668,2233.1298039215685,,1.077720797720758,0.8621766381766065,,2246.11,
2026-04-11 12:00:00,1775908800000,2246.12,2256.11,2233.72,2249.54,18996.8388,2235.37746031746,2233.773341022684,,2.1834254592090474,1.5743050397319167,,2249.54,
2026-04-11 16:00:00,1775923200000,2249.54,2329.93,2246.53,2315.96,89257.1086,2243.0519879062736,2236.996347257088,,8.323297482207636,6.171341650184404,,2315.96,
2026-04-11 20:00:00,1775937600000,2315.96,2317.14,2276.47,2284.99,42037.1829,2247.046084296152,2238.8784512862217,,10.56834482236627,6.73311119227443,,2284.99,
2026-04-12 00:00:00,1775952000000,2285.0,2288.57,2207.06,2213.71,91337.4612,2243.8712191250897,2237.891453196566,,6.5206942219506345,2.148368473487035,,2213.71,
2026-04-12 04:00:00,1775966400000,2213.7,2220.87,2208.32,2218.02,27644.0457,2218.02,2218.02,,0.0,0.0,,2218.02,
2026-04-12 08:00:00,1775980800000,2218.02,2219.04,2194.32,2204.62,26727.7633,2216.743809523809,2217.4945098039216,,-1.0689458689457751,-0.8551566951566201,,2204.62,
2026-04-12 12:00:00,1775995200000,2204.62,2208.22,2175.0,2186.47,53590.6811,2213.8605895691608,2216.2778623606305,,-3.3421205996701246,-2.502665140704776,,2186.47,
2026-04-12 16:00:00,1776009600000,2186.47,2207.23,2183.09,2198.27,21416.5101,2212.375771514955,2215.571671679821,,-4.143700567050473,-2.6433960864680994,,2198.27,
2026-04-12 20:00:00,1776024000000,2198.27,2218.13,2183.99,2191.65,37440.4207,2210.4018885135306,2214.633566908064,,-5.252588569219824,-3.0018272709099603,,2191.65,
2026-04-13 00:00:00,1776038400000,2191.64,2209.05,2187.2,2194.36,26455.4785,2208.87408960748,2213.838525068532,,-5.8453345701309445,-2.875658617456864,,2194.36,
2026-04-13 04:00:00,1776052800000,2194.36,2201.45,2182.22,2186.56,33191.7629,2186.56,2186.56,,0.0,0.0,,2186.56,
2026-04-13 08:00:00,1776067200000,2186.57,2195.34,2179.0,2187.33,20617.5554,2186.633333333333,2186.590196078432,,0.0614245014244261,0.0491396011395409,,2187.33,
2026-04-13 12:00:00,1776081600000,2187.33,2236.43,2175.68,2209.28,104259.3625,2188.7901587301585,2187.4799923106502,,1.8598462674813163,1.4780490937571449,,2209.28,
2026-04-13 16:00:00,1776096000000,2209.28,2268.88,2200.0,2262.33,64810.6588,2195.79395313681,2190.4152867298403,,7.479580172312126,5.678226398870363,,2262.33,
2026-04-13 20:00:00,1776110400000,2262.33,2394.71,2247.5,2369.46,204536.0111,2212.3335766475902,2197.4366480345525,,20.343251121426874,14.83351787838809,,2369.46,
2026-04-14 00:00:00,1776124800000,2369.46,2378.06,2354.6,2365.5,74432.8525,2226.9208550621056,2204.0273677194723,,29.873896439150485,19.49133055688936,,2365.5,
2026-04-14 04:00:00,1776139200000,2365.5,2389.99,2354.76,2377.91,63856.121,2377.91,2377.91,,0.0,0.0,,2377.91,
2026-04-14 08:00:00,1776153600000,2377.92,2396.03,2367.61,2374.53,66171.3263,2377.588095238096,2377.777450980392,,-0.2696296296294349,-0.2157037037035479,,2374.53,
2026-04-14 12:00:00,1776168000000,2374.54,2415.5,2332.72,2364.63,155007.3984,2376.3539909297056,2377.2618646674355,,-1.2675488023637629,-0.9708983011503004,,2364.63,
2026-04-14 16:00:00,1776182400000,2364.62,2371.48,2302.9,2313.32,73170.8888,2370.350753698305,2374.75434056283,,-6.128054720575619,-4.665123375489726,,2313.32,
2026-04-14 20:00:00,1776196800000,2313.32,2332.35,2308.53,2322.44,27468.7971,2365.7878247746567,2372.70279779566,,-9.13878665398306,-6.140684247117734,,2322.44,
2026-04-15 00:00:00,1776211200000,2322.44,2342.76,2317.56,2328.81,28901.5466,2362.2661271770703,2370.981511607595,,-10.885328349342217,-6.309780753981511,,2328.81,
2026-04-15 04:00:00,1776225600000,2328.82,2338.23,2308.5,2316.62,31505.5439,2316.62,2316.62,,0.0,0.0,,2316.62,
2026-04-15 08:00:00,1776240000000,2316.62,2339.42,2312.15,2337.43,39774.7835,2318.6019047619047,2317.436078431372,,1.6600569800571066,1.3280455840456853,,2337.43,
2026-04-15 12:00:00,1776254400000,2337.42,2349.46,2317.54,2332.04,55356.8376,2319.8817233560094,2318.008781237985,,2.511781884887114,1.743816391100554,,2332.04,
2026-04-15 16:00:00,1776268800000,2332.03,2385.61,2329.1,2375.05,60038.6043,2325.1358449411514,2320.245691777672,,6.581460578017413,4.650796067384682,,2375.05,
2026-04-15 20:00:00,1776283200000,2375.05,2380.45,2348.58,2359.95,52613.3218,2328.45147875628,2321.802723472665,,8.490394476304573,5.247783972537474,,2359.95,
2026-04-16 00:00:00,1776297600000,2359.94,2369.59,2345.04,2357.86,24372.7204,2331.2522903033005,2323.216734316875,,9.722517678936583,5.183925740135587,,2357.86,
2026-04-16 04:00:00,1776312000000,2357.85000000,2364.0,2335.72,2341.52,33030.1056,2341.52,2341.52,,0.0,0.0,,2341.52,
2026-04-16 08:00:00,1776326400000,2341.52000000,2348.4,2328.64,2335.67,38717.9452,2340.962857142857,2341.290588235294,,-0.466666666666697,-0.3733333333333576,,2335.67,
2026-04-16 12:00:00,1776340800000,2335.68000000,2351.8,2285.1,2339.01,122115.6918,2340.776870748299,2341.201153402537,,-0.5605318138650546,-0.37375878442537214,,2339.01,
2026-04-16 16:00:00,1776355200000,2339.01000000,2361.96,2309.96,2359.7,72519.8431,2342.579073534175,2341.9265983671435,,1.022799273815508,0.9676578426041524,,2359.7,
2026-04-16 20:00:00,1776369600000,2359.69000000,2364.68,2336.25,2348.17,38204.6316,2343.1115427213967,2342.1714376468635,,1.3318729262855413,1.0213851960593485,,2348.17,
2026-04-17 00:00:00,1776384000000,2348.16000000,2350.9,2323.83,2325.52,22001.9814,2341.4361577003115,2341.5184400920843,,-0.24799099757774457,-0.44678298224314994,,2325.52,
2026-04-17 04:00:00,1776398400000,2325.53000000,2342.02,2317.43,2334.16,31478.7638,2340.7431903002816,2341.2298738139634,,-0.7937192456461162,-0.7940089842492173,,2334.16,
2026-04-17 08:00:00,1776412800000,2334.15000000,2377.0,2332.98,2354.99,65874.4475,2342.1000293193024,2341.769486605573,,0.4494135428549271,0.3592990434014608,,2354.99,
2026-04-17 12:00:00,1776427200000,2355.00000000,2456.93,2349.4,2441.96,220835.8864,2351.6105027174644,2345.6985263465313,,8.35603423421162,6.612735787806523,,2441.96,
2026-04-17 16:00:00,1776441600000,2441.96000000,2464.91,2415.41,2427.92,76798.3675,2358.8780738872297,2348.9228978623532,,13.33545461365975,9.273724933803722,,2427.92,
2026-04-17 20:00:00,1776456000000,2427.92000000,2444.34,2415.47,2419.0,74741.9149,2364.6039716122555,2351.6710195148103,,16.37317195238802,9.849153818025593,,2439.049,
2026-04-18 00:00:00,1776470400000,2419.00000000,2427.64,2399.54,2405.04,29072.7602,2368.4550219348976,2353.763920710308,,17.452942836549482,8.743139761749644,,2439.049,
2026-04-18 04:00:00,1776484800000,2405.03000000,2413.54,2399.52,2403.71,14941.9954,2371.812638893479,2355.7225904863744,,17.99392637443634,7.427298639709202,,2439.049,
2026-04-18 08:00:00,1776499200000,2403.71000000,2404.85,2343.44,2352.96,67979.8578,2370.017149475052,2355.614253604556,52.12244897959185,14.164281837174258,2.878123281957693,,2439.049,
2026-04-18 12:00:00,1776513600000,2352.96000000,2369.66,2345.25,2363.64,57355.5128,2369.4098019059993,2355.928988757318,53.947462345634946,11.85439757764243,0.4545912179406919,,2439.049,
2026-04-18 16:00:00,1776528000000,2363.64000000,2375.14,2339.92,2348.59,39182.5061,2367.4269636292374,2355.641185276639,52.23235883613245,8.708996547210063,-2.1526478499933397,,2439.049,
2026-04-18 20:00:00,1776542400000,2348.59000000,2359.5,2344.96,2350.32,13208.7565,2365.7977289978817,2355.432511344222,51.96511102616674,6.28340888465209,-3.6625884100410495,,2439.049,
2026-04-19 00:00:00,1776556800000,2350.33000000,2355.3,2332.1,2339.77,20291.3796,2363.31889766475,2354.8182952130755,46.41069048733929,3.469818449490049,-5.180943076162473,,2439.049,
2026-04-19 04:00:00,1776571200000,2339.77000000,2346.11,2300.0,2316.03,54404.7518,2358.81519312525,2353.2971855968767,44.455561689207855,-0.6678927854604808,-7.454923448890402,,2438.812,
2026-04-19 08:00:00,1776585600000,2316.03000000,2331.13,2306.42,2329.38,23275.524,2356.011841399036,2352.3592567499404,50.68795893633709,-2.837120758308174,-7.699321137390476,0.4171118929737595,2438.812,
2026-04-19 12:00:00,1776600000000,2329.38000000,2350.24,2315.29,2330.8,37666.7192,2353.6107136467467,2351.5137957009233,49.3853358700425,-4.39105013010294,-7.402600407348194,0.6722183133049517,2438.812,
2026-04-19 16:00:00,1776614400000,2330.80000000,2331.34,2287.62,2299.65,53803.7087,2348.471598061342,2349.4799213597107,40.24467635030325,-8.04337598971324,-8.843941013566795,0.9474527287181257,2438.402,
2026-04-19 20:00:00,1776628800000,2299.66000000,2300.0,2252.72,2263.27,66644.7443,2340.357160150738,2346.099140129918,11.662733319030181,-13.715330711746901,-11.612716588480364,1.2338374178458182,2437.493,
2026-04-20 00:00:00,1776643200000,2263.28000000,2294.3,2259.67,2286.56,30033.2489,2335.233621088763,2343.764271889529,20.829550144448973,-16.144978078448275,-11.23389116414539,0.5787882530817344,2437.493,
2026-04-20 04:00:00,1776657600000,2286.55000000,2332.88,2263.18,2298.8,59476.1626,2331.7637524136426,2342.000967109547,25.53130852536441,-16.888149342064025,-9.581649942208912,1.1231782479759953,2437.493,
2026-04-20 08:00:00,1776672000000,2298.81000000,2320.0,2289.82,2308.42,37613.5655,2329.5405378980577,2340.6840664385845,29.97761936339522,-16.51054108031485,-7.36323334436779,0.699995262359695,2437.493,
2026-04-20 12:00:00,1776686400000,2308.42000000,2326.36,2278.38,2313.91,85434.5339,2328.0519152411,2339.634103048836,31.70632333767921,-15.588591119340435,-5.1530267067147,1.5139426332398676,2437.493,
2026-04-20 16:00:00,1776700800000,2313.92000000,2344.19,2297.97,2331.78,53432.5029,2328.406970932424,2339.3260990077056,45.017877305231494,-13.26309082376929,-2.262021128914842,0.957404963649168,2437.493,
2026-04-20 20:00:00,1776715200000,2331.78000000,2346.78,2307.74,2313.85,35010.0521,2327.020592748384,2338.327036301521,38.67430963104503,-12.720284713862839,-1.375372015206711,0.7526060838327893,2437.493,
2026-04-21 00:00:00,1776729600000,2313.84000000,2326.64,2300.01,2311.62,22781.1909,2325.5538696294902,2337.2797015445985,41.06961688970479,-12.327940499960732,-0.7864222410436827,0.5199099632715011,2312.4094999999998,
2026-04-21 04:00:00,1776744000000,2311.62000000,2327.05,2304.06,2318.48,22945.3733,2324.880167760015,2336.542458346771,42.49481425608146,-11.33282249191825,0.16695661359903902,0.556551778147847,2312.4094999999998,
2026-04-21 08:00:00,1776758400000,2318.48000000,2338.75,2314.0,2320.45,30640.3683,2324.458247020966,2335.9113815488586,45.25400412695291,-10.26687165949852,0.9863259568150156,0.7417875674335895,2312.4094999999998,
2026-04-21 12:00:00,1776772800000,2320.45000000,2327.5,2290.35,2310.24,52118.0452,2323.1041282570645,2334.9046607038053,48.47639597915888,-10.12919654396137,0.8992008578817323,1.2074165525451128,2312.4094999999998,
2026-04-21 16:00:00,1776787200000,2310.25000000,2332.0,2284.19,2298.41,62286.6088,2320.7523065182963,2333.47349753895,41.78471006419435,-10.84960268940722,0.14303576994870681,1.452570594869981,2312.4094999999998,
2026-04-21 20:00:00,1776801600000,2298.42000000,2329.47,2296.04,2327.14,35874.3905,2321.3606582784587,2333.225125086442,49.15199258572746,-8.99852941088875,1.595287238773743,0.8581115908469883,2312.4094999999998,
2026-04-22 00:00:00,1776816000000,2327.15000000,2379.66,2312.95,2363.62,66774.3839,2325.385357490034,2334.4170809654047,64.46434224211993,-4.535625509930924,4.846552911785256,1.5462115569774024,2312.4094999999998,
2026-04-22 04:00:00,1776830400000,2363.63000000,2413.83,2358.41,2389.97,89349.9459,2331.5362758243164,2336.5956268098985,80.00947418285163,1.1146339624428947,8.39744990732726,1.9013515217307424,2312.4094999999998,
2026-04-22 08:00:00,1776844800000,2389.98000000,2400.78,2383.0,2398.44,41401.3724,2337.908059079143,2339.0208963467653,78.50010189525162,6.20444256373321,10.789806806894061,0.861660474931358,2312.4094999999998,
2026-04-22 12:00:00,1776859200000,2398.44000000,2423.75,2390.9,2403.83,98738.8258,2344.186339166844,2341.562429823363,77.72264160903754,10.551449957180466,12.109451360273054,1.9643629035668604,2312.4094999999998,
2026-04-22 16:00:00,1776873600000,2403.84000000,2413.75,2384.17,2397.79,50321.212,2349.2914497223824,2343.767432575388,74.04358353510888,13.355157174757096,11.930526862279747,0.9748895320784,2312.4094999999998,
2026-04-22 20:00:00,1776888000000,2397.80000000,2406.11,2373.95,2374.07,33121.3859,2351.651311653584,2344.9557685528234,64.73931791454336,13.507404628131098,9.666219452522999,0.6445093138108531,2312.4094999999998,
2026-04-23 00:00:00,1776902400000,2374.08000000,2382.0,2331.5,2340.81,76206.1153,2350.618805781814,2344.7931893938894,52.05722877842068,10.819536910653824,5.58268138803658,1.4512630544009826,2339.2129999999997,
2026-04-23 04:00:00,1776916800000,2340.82000000,2358.93,2337.12,2344.43,39343.6563,2350.0293957073554,2344.7789466725603,57.45271982842659,8.879133007665132,2.9138219880383103,0.7692549262712042,2339.2129999999997,
2026-04-23 08:00:00,1776931200000,2344.43000000,2345.0,2305.61,2328.97,78151.0377,2348.023738973322,2344.1589879795188,53.97225147671595,6.024410485293629,0.04727957253344517,1.4593748854585662,2339.2129999999997,
2026-04-23 12:00:00,1776945600000,2328.96000000,2343.58,2315.23,2333.26,52807.9001,2346.6176685949104,2343.7315766862043,53.42414975442502,4.061372492149985,-1.5326067364881588,0.9923009858516073,2330.279,
2026-04-23 16:00:00,1776960000000,2333.26000000,2335.76,2285.42,2312.88,79023.7839,2343.404557300157,2342.521710933804,48.384066942748646,0.8513413295204373,-3.794110319294165,1.4293082044607692,2312.4094999999998,
2026-04-23 20:00:00,1776974400000,2312.87000000,2338.79,2312.74,2330.26,31113.199,2342.152694700142,2342.0408595246354,54.14664457332237,-0.2869034996570008,-3.9458841187772826,0.5918199620755223,2312.4094999999998,
2026-04-24 00:00:00,1776988800000,2330.27000000,2337.5,2301.35,2308.64,27004.8932,2338.9610094906047,2340.7310218962184,52.03630717783351,-2.900093568104694,-5.247259349779981,0.5269176818415537,2312.4094999999998,
2026-04-24 04:00:00,1777003200000,2308.63000000,2317.35,2300.22,2311.63,28648.9402,2336.358056205785,2339.5898053512688,46.56021290751836,-4.675896686482702,-5.618449974526391,0.5624869439422954,2312.4094999999998,
2026-04-24 08:00:00,1777017600000,2311.63000000,2332.26,2303.74,2328.1,35868.9201,2335.571574662377,2339.1392247492586,41.35514018691593,-4.700062700180752,-4.514092790579553,0.6953090441568845,2312.4094999999998,
2026-04-24 12:00:00,1777032000000,2328.10000000,2331.85,2301.61,2323.81,46811.7304,2334.4514246945314,2338.53807868066,31.96095539317278,-5.007656440825031,-3.8573492249790653,0.88691611637644,2312.4094999999998,
2026-04-24 16:00:00,1777046400000,2323.81000000,2325.0,2308.82,2321.6,24666.2517,2333.2274794855284,2337.873840301026,28.30849141824757,-5.367877674198098,-3.3740563666817063,0.46999782095087017,2312.4094999999998,
2026-04-24 20:00:00,1777060800000,2321.59000000,2328.16,2307.2,2314.99,20886.8825,2331.490576677383,2336.9764347990254,25.092519905798014,-6.116223339385215,-3.297921625495058,0.4101895729888541,2312.4094999999998,
2026-04-25 00:00:00,1777075200000,2314.98000000,2321.36,2311.27,2318.43,7639.0588,2330.246712231918,2336.2491236304363,27.42119039490167,-6.358417540436676,-2.8320926612372155,0.1585271699370464,2312.4094999999998,
2026-04-25 04:00:00,1777089600000,2318.44000000,2319.01,2313.3,2316.48,6328.1546,2328.9355967812594,2335.4738638802232,31.29830486458411,-6.6312657886628585,-2.4839527275707187,0.13547640296099364,2312.4094999999998,
2026-04-25 08:00:00,1777104000000,2316.48000000,2323.21,2311.2,2313.64,11470.7972,2327.4788732782827,2334.617633924136,39.00445163901261,-6.996018509767509,-2.2789643589402955,0.26102501246487014,2312.4094999999998,
2026-04-25 12:00:00,1777118400000,2313.65000000,2318.94,2303.0,2308.09,15641.4778,2325.6323139184465,2333.577334554562,35.51960471788355,-7.644801769780315,-2.3421980951624803,0.3885137449601316,2312.4094999999998,
2026-04-25 16:00:00,1777132800000,2308.08000000,2313.98,2300.55,2310.06,19676.6866,2324.1492364024043,2332.6550861406577,41.55728190016978,-7.908836497485481,-2.0849862582941165,0.5022952702252413,2312.4094999999998,
2026-04-25 20:00:00,1777147200000,2310.06000000,2320.42,2308.85,2319.5,7383.0441,2323.706451983128,2332.1392004096515,44.126686016732044,-7.272523688735873,-1.1589387596356069,0.21334728306647902,2312.4094999999998,
2026-04-26 00:00:00,1777161600000,2319.49000000,2320.06,2306.72,2310.0,10012.7252,2322.4010756037824,2331.270996472018,48.64483342744208,-7.448945007365637,-1.0682880626122966,0.307229922996277,2312.4094999999998,
2026-04-26 04:00:00,1777176000000,2309.99000000,2336.48,2308.97,2331.24,24981.3334,2323.2428779272313,2331.269780924096,50.44496912459116,-5.807919601649701,0.4581898744829127,0.7762196721672588,2312.4094999999998,
2026-04-26 08:00:00,1777190400000,2331.25000000,2337.68,2329.66,2335.95,12111.2365,2324.4530800293996,2331.4533189270724,64.64971569574084,-4.080302322508942,1.7486457228989378,0.417937463325386,2312.4094999999998,
2026-04-26 12:00:00,1777204800000,2335.96000000,2352.44,2324.19,2348.05,24507.8806,2326.7004057408853,2332.1041691652263,67.79710711493362,-1.715014684178641,3.2911466889833916,0.8679412497721042,2312.4094999999998,
2026-04-26 16:00:00,1777219200000,2348.06000000,2376.35,2340.56,2367.4,35056.7538,2330.576557575087,2333.4883193940414,68.67870722433472,1.7012649718826651,5.365941076035758,1.3440933568154076,2312.4094999999998,
2026-04-26 20:00:00,1777233600000,2367.40000000,2380.0,2348.47,2369.44,47921.6924,2334.277837806031,2334.898189221726,72.16124332200107,4.521184759715652,6.548688691094996,1.8547145711529824,2312.4094999999998,
2026-04-27 00:00:00,1777248000000,2369.45000000,2404.37,2359.46,2394.85,48640.6352,2340.046615157838,2337.2492406247957,79.03289734443132,8.706008698789901,8.586810104135395,2.0001400519744617,2312.4094999999998,
2026-04-27 04:00:00,1777262400000,2394.85000000,2396.05,2312.71,2316.01,71679.7375,2337.7574137142346,2336.416329227745,50.25708236717423,5.596272369588405,4.3816590199471195,2.720609420837145,2312.4094999999998,
2026-04-27 08:00:00,1777276800000,2316.00000000,2325.52,2309.13,2320.39,29605.5066,2336.1033743128787,2335.787845728618,50.49167168372467,3.4454957883667703,1.784705950980388,1.1181605777759727,2312.4094999999998,
2026-04-27 12:00:00,1777291200000,2320.39000000,2329.82,2266.09,2275.07,85871.4106,2330.290671997366,2333.4067537392602,41.468540112901216,-1.8941211432270393,-2.8439287844907373,2.926959242478825,2312.4094999999998,
2026-04-27 16:00:00,1777305600000,2275.07000000,2292.91,2270.04,2289.14,46317.2928,2326.3715603785695,2331.6708026122305,45.17564587271578,-4.933603113641311,-4.706728603924008,1.5511217307339211,2312.4094999999998,
2026-04-27 20:00:00,1777320000000,2289.15000000,2308.61,2284.66,2303.67,18249.2759,2324.209507009182,2330.5727319215553,49.15937618866487,-6.099651915377308,-4.698221924528003,0.6418480759189344,2312.4094999999998,
2026-04-28 00:00:00,1777334400000,2303.66000000,2310.88,2280.99,2290.94,21169.2851,2321.0409825321167,2329.018507140318,46.50661404662721,-7.959209786647534,-5.246223836638583,0.74915518416814,2312.4094999999998,
2026-04-28 04:00:00,1777348800000,2290.93000000,2296.91,2270.53,2287.99,37016.4672,2317.89326991001,2327.409546075992,44.10300557697341,-9.560752736655559,-5.478213429317286,1.2736181675818021,2312.4094999999998,
2026-04-28 08:00:00,1777363200000,2288.00000000,2291.64,2270.36,2275.32,32729.5921,2313.8386727757234,2325.366818778894,43.58585484944884,-11.71728065775369,-6.107793080332334,1.0795236876053613,2312.4094999999998,
2026-04-28 12:00:00,1777377600000,2275.32000000,2286.2,2258.24,2279.76,49767.4453,2310.5930848923213,2323.5783160816827,39.847755778181,-12.919149762229608,-5.847729747846601,1.5317531022750022,2312.4094999999998,
2026-04-28 16:00:00,1777392000000,2279.76000000,2305.55,2274.38,2301.96,33432.9185,2309.7708863311477,2322.7305389804405,43.72947644172233,-11.942618151636907,-3.8969585098031203,0.9953644609201279,2312.4094999999998,
2026-04-28 20:00:00,1777406400000,2301.96000000,2305.95,2284.15,2289.42,13816.5119,2307.8327066805623,2321.424243334149,39.201385051755175,-12.041772950726227,-3.1968906471139515,0.412465553399906,2312.4094999999998,
2026-04-29 00:00:00,1777420800000,2289.42000000,2316.36,2278.84,2311.52,39935.6458,2308.1838774728894,2321.035841634771,39.81110057617963,-10.21926718989107,-1.0995079090230355,1.1572088102826685,2312.4094999999998,
2026-04-29 04:00:00,1777435200000,2311.53000000,2342.5,2309.33,2323.73,55138.2957,2309.6644605707097,2321.1414949039954,41.963500826329984,-7.700902081659478,1.135085759366845,1.4943404251498564,2312.4094999999998,
2026-04-29 08:00:00,1777449600000,2323.74000000,2346.95,2321.11,2331.74,34673.3128,2311.766892897309,2321.557122554819,38.18120528858749,-5.0010900785528065,3.0679182099788136,0.9093181774583146,2312.4094999999998,
2026-04-29 12:00:00,1777464000000,2331.74000000,2331.94,2263.1,2272.51,81070.1689,2308.028141192803,2319.633705984042,41.20785835556627,-7.553760559554121,0.4121981831819994,1.9804341811404653,2312.4094999999998,
2026-04-29 16:00:00,1777478400000,2272.50000000,2285.92,2220.36,2233.7,105332.5164,2300.9492706030123,2316.263756729766,34.61906958589114,-12.563587739147351,-3.6781031971289835,2.3100949750488238,2311.7974999999997,
2026-04-29 20:00:00,1777492800000,2233.69000000,2264.8,2230.49,2252.9,38928.1619,2296.3731495932016,2313.7789035246774,45.66467206382727,-14.813867293083149,-4.742706200851824,0.8404609819326141,2311.7974999999997,
2026-04-30 00:00:00,1777507200000,2252.90000000,2279.0,2236.36,2253.24,36060.2185,2292.2652305843253,2311.404828876651,42.58141841626712,-16.380965322029624,-5.047843383838639,0.7776995017572276,2311.7974999999997,
2026-04-30 04:00:00,1777521600000,2253.24000000,2262.23,2231.64,2260.31,33378.8714,2289.22187529058,2309.4011100971748,40.75479744136456,-16.8580824065657,-4.419968374699772,0.7313406255880416,2311.7974999999997,
2026-04-30 08:00:00,1777536000000,2260.31000000,2273.7,2252.07,2258.18,30735.9241,2286.2655062152867,2307.3924391129717,42.68423403305041,-17.209691718876456,-3.817262149608423,0.6869064730891685,2311.7974999999997,
2026-04-30 12:00:00,1777550400000,2258.18000000,2275.13,2245.82,2265.7,37871.9822,2284.3068865757355,2305.7574415006984,45.12189784216745,-16.689161217480432,-2.637385318569919,0.8796178574510835,2311.7974999999997,
2026-04-30 16:00:00,1777564800000,2265.70000000,2267.16,2251.62,2261.99,17651.0886,2282.181468806618,2304.0410712457688,46.96369185914072,-16.38710271960599,-1.8682614565563807,0.415737236765112,2311.7974999999997,
2026-04-30 20:00:00,1777579200000,2261.98000000,2267.32,2252.42,2257.51,11496.1928,2279.8318051107494,2302.216323353778,44.9328171259394,-16.321078509366544,-1.441789797053545,0.2967635677811857,2311.7974999999997,
2026-05-01 00:00:00,1777593600000,2257.51000000,2295.0,2257.21,2282.87,26924.6936,2280.1211570049636,2301.457644006571,45.714157424453276,-14.060334999813676,0.6551629699994592,0.7128794677438934,2311.7974999999997,
2026-05-01 04:00:00,1777608000000,2282.87000000,2286.75,2272.09,2279.48,22911.8668,2280.060094433062,2300.595775614157,47.672785165761354,-12.399292819966377,1.8529641198774076,0.6029112110733115,2311.7974999999997,
2026-05-01 08:00:00,1777622400000,2279.50000000,2293.0,2277.06,2286.45,18694.3189,2280.6686568680084,2300.0410393155626,43.68291085017379,-10.400592618434075,3.081331457127769,0.49353624971301413,2311.7974999999997,
2026-05-01 12:00:00,1777636800000,2286.46000000,2325.28,2284.15,2307.64,74814.7245,2283.2373562139123,2300.339037773776,46.12120919917067,-7.0257637697304745,5.164928244665095,1.881269006532932,2311.7974999999997,
2026-05-01 16:00:00,1777651200000,2307.64000000,2314.21,2298.17,2304.85,26400.5038,2285.2957032411587,2300.515938253236,43.3503140610317,-4.5241655119739335,6.1332212019373085,0.6691842991598725,2311.7974999999997,
2026-05-01 20:00:00,1777665600000,2304.85000000,2305.86,2278.98,2295.63,21336.4474,2286.279921980096,2300.3243328315407,57.59626757786831,-3.2481649908031613,5.927377378486465,0.5610393102076394,2311.7974999999997,
2026-05-02 00:00:00,1777680000000,2295.63000000,2308.34,2292.91,2304.44,10951.3606,2288.009453220087,2300.4857315440295,78.94909150433821,-1.5086413347198686,6.133520827655806,0.2967354619604569,2311.7974999999997,
2026-05-02 04:00:00,1777694400000,2304.43000000,2306.35,2296.62,2301.02,10106.3654,2289.248552913412,2300.5066832481853,72.61278195488744,-0.40139469437326625,5.792613974401927,0.2752230714166579,2311.7974999999997,
2026-05-02 08:00:00,1777708800000,2301.01000000,2307.78,2299.05,2302.1,8398.4598,2290.4725002549917,2300.5691662580607,72.80194138510389,0.5568343793383974,5.400674438490873,0.23897433071637178,2311.7974999999997,
2026-05-02 12:00:00,1777723200000,2302.09000000,2311.83,2301.36,2309.19,11671.861,2292.2551192783258,2300.907238169509,72.80701754385993,1.8668220082654443,5.368529653934337,0.3540097360697479,2311.7974999999997,
2026-05-02 16:00:00,1777737600000,2309.18000000,2313.98,2304.08,2311.08,10993.0917,2294.047965061342,2301.306170005999,74.73812196034453,3.0226604980707634,5.219494514991725,0.3458421699175628,2311.7974999999997,
2026-05-02 20:00:00,1777752000000,2311.08000000,2343.6,2309.59,2316.97,33467.3339,2296.231016007881,2301.920437848901,74.3470415044167,4.363643240818874,5.248381806191868,1.138100844047507,2311.7974999999997,
2026-05-03 00:00:00,1777766400000,2316.97000000,2317.69,2299.38,2301.9,19468.8798,2296.7709192452253,2301.919636364631,67.10672953279078,4.162377375555025,4.037692752742415,0.7752474350472747,2311.7974999999997,
2026-05-03 04:00:00,1777780800000,2301.90000000,2314.01,2297.59,2309.28,11221.5322,2297.9622602694894,2302.208278075822,71.65202843998347,4.5459738927920625,3.537031415983562,0.47292791122354133,2311.7974999999997,
2026-05-03 08:00:00,1777795200000,2309.28000000,2327.5,2307.49,2319.63,17555.1258,2300.0258545295383,2302.8914828571624,67.58178687583727,5.620347530025356,3.6891240425734844,0.7698761876248132,2311.7974999999997,
2026-05-03 12:00:00,1777809600000,2319.63000000,2333.91,2319.63,2328.44,21474.0931,2302.731963621963,2303.893385490215,72.26264096034942,7.100835735493092,4.135689798432976,0.9669838542180128,2311.7974999999997,
2026-05-03 16:00:00,1777824000000,2328.45000000,2337.87,2322.38,2335.59,19196.1335,2305.8613004198714,2305.136389980795,72.3079716724172,8.750211557606235,4.628052496436895,0.8874648544736944,2311.7974999999997,
2026-05-03 20:00:00,1777838400000,2335.60000000,2356.92,2315.0,2322.65,62158.6698,2307.4602241894077,2305.8231982168422,57.36578663264319,8.91048934920309,3.8306642304269998,2.7209304919951425,2311.7974999999997,
2026-05-04 00:00:00,1777852800000,2322.65000000,2391.0,2309.24,2385.12,114327.9965,2314.856393314226,2308.932876718143,74.84062635390245,13.917880902742581,7.070444627173193,4.1305731379646335,2311.7974999999997,
2026-05-04 04:00:00,1777867200000,2385.11000000,2398.93,2354.2,2362.8,69420.5189,2319.4224510938234,2311.045312925274,69.22768649453266,15.901929773433494,7.243594798291284,2.270521755278057,2311.7974999999997,
2026-05-04 08:00:00,1777881600000,2362.79000000,2371.09,2314.25,2337.59,85731.0321,2321.1526938467928,2312.0862810458516,58.67483121369137,15.264111312881141,5.284621070191143,2.5579887139408632,2311.7974999999997,
2026-05-04 12:00:00,1777896000000,2337.59000000,2381.8,2325.71,2350.1,103215.1931,2323.909580147098,2313.5770151224847,62.26019184652282,15.588394726261868,4.487123586857495,2.750191641822647,2311.7974999999997,
2026-05-04 16:00:00,1777910400000,2350.11000000,2379.52,2336.63,2356.52,62301.4442,2327.0153344188034,2315.2610537451324,63.24087591240883,16.176954155819203,4.060546413131863,1.568889437938218,2311.7974999999997,
2026-05-04 20:00:00,1777924800000,2356.52000000,2365.91,2344.83,2347.16,18024.6137,2328.9338739979653,2316.5119928139507,59.137507821148375,15.707056795434255,2.872519242197532,0.4888556767703878,2311.7974999999997,
2026-05-05 00:00:00,1777939200000,2347.17000000,2389.38,2344.93,2382.43,43369.6537,2334.028743141016,2319.0970127036,64.7936968691686,17.97346704817619,4.111143595951571,1.1497942666659537,2311.7974999999997,
2026-05-05 04:00:00,1777953600000,2382.43000000,2390.74,2367.35,2380.59,49038.9405,2338.4631485561576,2321.508502401498,63.41628005061169,19.397538134533534,4.428171745847132,1.2540448370068742,2311.7974999999997,
2026-05-05 08:00:00,1777968000000,2380.59000000,2384.62,2366.76,2379.89,29380.9535,2342.408562979381,2323.797972895557,67.50774480312485,20.23636832316606,4.213601547583728,0.7340449720682855,2311.7974999999997,
2026-05-05 12:00:00,1777982400000,2379.89000000,2399.5,2369.17,2381.31,78808.51,2346.1134617432494,2326.053346507496,66.6143839092125,20.77623393165959,3.8027737248618045,1.8133071950041593,2311.7974999999997,
2026-05-05 16:00:00,1777996800000,2381.30000000,2383.38,2359.71,2371.94,40911.2728,2348.573132053416,2327.8528231150453,62.12058019370686,20.214974976130634,2.5932118154662795,0.9073882875935232,2311.7974999999997,
2026-05-05 20:00:00,1778011200000,2371.94000000,2388.54,2354.34,2360.77,45127.4007,2349.7347385245193,2329.1436927968084,57.41003896401558,18.653817959962453,0.8256438394384773,0.9650934119369242,2311.7974999999997,
2026-05-06 00:00:00,1778025600000,2360.76000000,2380.87,2355.0,2376.8,33054.8032,2352.3123824745653,2331.0125675890904,59.07589305378146,18.496856560286687,0.5349459518101689,0.6906171133760439,2311.7974999999997,
2026-05-06 04:00:00,1778040000000,2376.81000000,2379.4,2355.0,2371.74,33514.6725,2354.162631762702,2332.609721801283,61.20009126169283,17.75944399290165,-0.16197329245989422,0.7001905797614555,2311.7974999999997,
2026-05-06 08:00:00,1778054400000,2371.74000000,2423.74,2369.16,2410.47,113801.0466,2359.525238261492,2335.6630660443698,56.486362008085536,20.06888492736789,1.7179741136050737,2.164271775025694,2311.7974999999997,
2026-05-06 12:00:00,1778068800000,2410.47000000,2413.59,2346.68,2359.1,137462.5415,2359.4847393794453,2336.5821614936103,49.17579969705064,17.55167899366097,-0.6393854560814773,2.334077662728257,2311.7974999999997,
2026-05-06 16:00:00,1778083200000,2359.10000000,2367.47,2338.0,2348.5,59822.6802,2358.43857372426,2337.049527709547,52.599475816059055,14.533905923165094,-2.9257268212618825,0.980585404979439,2311.7974999999997,
2026-05-06 20:00:00,1778097600000,2348.49000000,2357.45,2338.28,2350.84,43011.5721,2357.714900036235,2337.5903305444667,50.185296474359035,12.190591911543834,-4.2152326663065125,0.6927966022665483,2311.7974999999997,
2026-05-07 00:00:00,1778112000000,2350.84000000,2352.3,2313.89,2322.39,63504.3173,2354.350623842308,2336.994239150566,42.303008434441395,7.946222336494884,-6.767681793084371,0.9876348076605508,2311.7974999999997,
2026-05-07 04:00:00,1778126400000,2322.39000000,2346.89,2317.8,2344.59,51518.0099,2353.421040619231,2337.292112125054,49.45214240034115,6.301246488961169,-6.730126112494469,0.8079056587989943,2311.7974999999997,
2026-05-07 08:00:00,1778140800000,2344.59000000,2346.6,2317.35,2329.94,54139.7818,2351.184751036447,2337.0037940025027,37.73196840087891,3.771977702557706,-7.407515919118348,0.891073244865696,2311.7974999999997,
2026-05-07 12:00:00,1778155200000,2329.94000000,2337.13,2285.95,2294.82,129506.9522,2345.8166795091665,2335.349527571032,32.6524007928483,-1.0542240839699843,-9.78697416451683,2.031090691298445,2311.7974999999997,
2026-05-07 16:00:00,1778169600000,2294.82000000,2304.0,2280.1,2295.98,98757.482,2341.070329079722,2333.805624529031,33.0601203213955,-4.730886747671775,-10.770909462574895,1.5331776853092076,2311.7974999999997,
2026-05-07 20:00:00,1778184000000,2295.98000000,2302.57,2281.04,2291.06,72095.3946,2336.307440595939,2332.1293255278924,32.03408050324488,-7.950028301880138,-11.192040813426608,1.146963806031853,2311.7974999999997,
2026-05-08 00:00:00,1778198400000,2291.06000000,2294.28,2265.61,2278.76,54369.0261,2330.8267319677543,2330.0364108013086,31.66469893742631,-11.362745721253305,-11.68380658623982,0.8704478382550586,2311.7974999999997,
2026-05-08 04:00:00,1778212800000,2278.77000000,2284.54,2267.15,2281.35,73893.4649,2326.1146622565398,2328.1271397894925,33.82616487455199,-13.700427508838857,-11.217190699060296,1.1323901214853431,2311.7974999999997,
2026-05-08 08:00:00,1778227200000,2281.37000000,2298.01,2280.15,2295.38,65719.1373,2323.187551565441,2326.84293822912,33.28268725361367,-14.256612071661038,-9.418700209505984,0.9901651044370084,2311.7974999999997,
2026-05-08 12:00:00,1778241600000,2295.38000000,2302.0,2269.96,2293.2,85201.3421,2320.3315942734944,2325.5236073181745,33.68101728723407,-14.7038038280416,-7.892713572709235,1.2496526771050804,2311.7974999999997,
2026-05-08 16:00:00,1778256000000,2293.20000000,2321.22,2286.42,2316.05,76484.5206,2319.9238233903043,2325.1520933056972,28.995372842142885,-13.063811000954502,-5.0021765964977085,1.0843454683896379,2311.7974999999997,
2026-05-08 20:00:00,1778270400000,2316.06000000,2319.15,2303.19,2307.06,65367.6672,2318.698697353132,2324.442599450572,35.73308476806676,-12.34719199396659,-3.428446071607837,0.9356529614740438,2311.7974999999997,
2026-05-09 00:00:00,1778284800000,2307.07000000,2320.77,2304.19,2315.33,39168.7188,2318.377869033786,2324.0852426093734,40.78866981394061,-10.985314515626214,-1.6532548746139692,0.5613492300982783,2311.7974999999997,
2026-05-09 04:00:00,1778299200000,2315.33000000,2325.33,2310.9,2314.69,51761.091,2318.0266434115206,2323.7168017227314,39.86543313709001,-9.844181852929978,-0.40969776953418524,0.7383081003723075,2311.7974999999997,
2026-05-09 08:00:00,1778313600000,2314.69000000,2320.53,2310.24,2314.57,25659.728,2317.6974392770903,2323.358103615958,47.39368084255443,-8.847520286966756,0.4695710371432309,0.3679449324381333,2311.7974999999997,
2026-05-09 12:00:00,1778328000000,2314.56000000,2318.27,2300.0,2317.63,31105.7798,2317.691016488796,2323.133472101607,39.70048899755501,-7.7217310795945195,1.2762881956123735,0.4468096976409214,2311.7974999999997,
2026-05-09 16:00:00,1778342400000,2317.64000000,2338.37,2315.29,2332.01,56917.6483,2319.0547292041483,2323.4815712348773,50.792435494985135,-5.604583055817329,2.7147489755116503,0.8524007624309923,2311.7974999999997,
2026-05-09 20:00:00,1778356800000,2332.02000000,2333.47,2324.7,2326.44,25818.1911,2319.7580883275627,2323.5975880491956,65.64417177914099,-4.326309441110425,3.1944180721748445,0.4219270521368798,2311.7974999999997,
2026-05-10 00:00:00,1778371200000,2326.43000000,2332.91,2318.33,2327.76,33278.1366,2320.520175153509,2323.760819890404,65.6984785615491,-3.1702112023390328,3.48041304875699,0.5558965864994089,2311.7974999999997,
2026-05-10 04:00:00,1778385600000,2327.75000000,2332.09,2326.1,2327.36,26964.3516,2321.171587043651,2323.9019642084277,68.76938986556355,-2.260217297862255,3.512325562587015,0.4565467297711402,2311.7974999999997,
2026-05-10 08:00:00,1778400000000,2327.36000000,2333.59,2319.0,2322.58,28879.9992,2321.305721610923,2323.850122474764,74.56828885400265,-1.9028121898204517,3.0957845365030545,0.5037473821561047,2311.7974999999997,
2026-05-10 12:00:00,1778414400000,2322.59000000,2351.66,2320.87,2347.56,51926.9775,2323.806129076549,2324.7799215934006,79.6719548265659,0.39159707932685706,4.31215504452029,0.9054277374309689,2311.7974999999997,
2026-05-10 16:00:00,1778428800000,2347.56000000,2368.0,2340.11,2365.54,154424.5599,2327.780783450211,2326.3783560407182,80.36703601107992,3.6190505286094776,6.031686795042329,2.4761410887736583,2311.7974999999997,
2026-05-10 20:00:00,1778443200000,2365.54000000,2382.53,2311.83,2371.27,102648.8375,2331.9226135978097,2328.1388126665724,82.78323675149049,6.563533424445268,7.180935752702496,1.6821583155899542,2311.7974999999997,
2026-05-11 00:00:00,1778457600000,2371.26000000,2374.92,2320.01,2330.56,60324.2716,2331.7928408742087,2328.2337611894523,55.298327612648684,5.548144998966563,4.932437861779033,1.0207076185854767,2311.7974999999997,
2026-05-11 04:00:00,1778472000000,2330.56000000,2342.44,2326.66,2330.54,35309.276,2331.6735226957126,2328.324201927121,59.17474210690838,4.687790591552584,3.2576667634920433,0.6166359647974471,2311.7974999999997,
2026-05-11 08:00:00,1778486400000,2330.55000000,2339.9,2326.66,2335.8,21339.0861,2332.066520534216,2328.6173704789985,58.1912765106043,4.379902772734113,2.359823155738857,0.3837299861297221,2311.7974999999997,
2026-05-11 12:00:00,1778500800000,2335.80000000,2338.89,2304.0,2333.48,54288.2257,2332.2011376261958,2328.8080618327635,57.419252941640934,3.9036954756802515,1.5068926869479964,0.9937551622974252,2311.7974999999997,
2026-05-11 16:00:00,1778515200000,2333.48000000,2344.35,2323.68,2340.43,43385.8646,2332.9848388046535,2329.263824113832,59.688296118687056,4.040527986812776,1.314980158464417,0.8107580728508322,2311.7974999999997,
2026-05-11 20:00:00,1778529600000,2340.44000000,2345.68,2335.08,2339.87,22315.3312,2333.6405684423057,2329.6797525799566,58.491142333536814,4.057014678021005,1.0651734797381165,0.4430421730589397,2311.7974999999997,
2026-05-12 00:00:00,1778544000000,2339.88000000,2340.85,2295.01,2309.37,46792.4896,2331.3290857335146,2328.883291694468,42.303508294805475,1.5906493827797021,-1.1209534524025497,0.9572185167635875,2311.7974999999997,
2026-05-12 04:00:00,1778558400000,2309.36000000,2314.49,2291.63,2295.2,35381.7127,2327.888220425561,2327.562378294685,39.96659815005136,-1.4901855281104872,-3.361430690634191,0.746693588953365,2311.7974999999997,
2026-05-12 08:00:00,1778572800000,2295.20000000,2296.27,2278.57,2287.01,60392.7982,2323.9950565755075,2325.9720889497953,37.46539526299602,-4.540296235752521,-5.129233118620981,1.2466075626509536,2311.7974999999997,
2026-05-12 12:00:00,1778587200000,2287.02000000,2294.01,2256.67,2261.85,63665.2782,2318.0764797587926,2323.457497226274,32.51294645240509,-8.885308371532119,-7.579396203520463,1.2982070665039591,2311.7974999999997,
2026-05-12 16:00:00,1778601600000,2261.86000000,2287.43,2256.27,2285.09,29736.9338,2314.9349102579554,2321.9528894919104,40.89031442873118,-10.334359949461486,-7.222758225159864,0.6038595216631685,2311.7974999999997,
2026-05-12 20:00:00,1778616000000,2285.10000000,2291.37,2273.88,2274.96,17011.8957,2311.1277759476743,2320.1100310804627,30.986800754242694,-12.159977454113232,-7.238700583849287,0.350471013943667,2311.7974999999997,
2026-05-13 00:00:00,1778630400000,2274.97000000,2303.77,2273.34,2301.77,25629.7121,2310.2365591907533,2319.390814175347,34.03754693366713,-11.31303985856539,-5.113410390641155,0.54559514897257,2311.7974999999997,
2026-05-13 04:00:00,1778644800000,2301.76000000,2309.0,2295.63,2301.07,20242.608,2309.363553553539,2318.6723508743526,31.974116680361618,-10.576401687027555,-3.501417775282656,0.4334891717645544,2311.7974999999997,
2026-05-13 08:00:00,1778659200000,2301.07000000,2323.36,2299.0,2301.82,39654.7131,2308.6451198817736,2318.011474369476,40.714654949599456,-9.818905664460544,-2.1951374021725156,0.8434347293565225,2311.7974999999997,
2026-05-13 12:00:00,1778673600000,2301.83000000,2307.54,2234.13,2236.49,101419.7434,2301.773203702557,2314.814553805967,28.631798973054046,-14.32503948536123,-5.3610169784585615,1.9988709167147678,2311.7974999999997,
2026-05-13 16:00:00,1778688000000,2236.48000000,2268.49,2235.48,2256.53,55259.29,2297.4643271594564,2312.5288850292627,33.123270172450574,-16.093605419282085,-5.703666329903532,1.0615052772422178,2311.7974999999997,
2026-05-13 20:00:00,1778702400000,2256.53000000,2264.46,2251.0,2258.65,16249.6633,2293.767724572842,2310.4159875771347,34.05497549541876,-17.126714280111628,-5.38942015258646,0.32322448764226297,2311.7974999999997,
2026-05-14 00:00:00,1778716800000,2258.66000000,2269.37,2238.64,2242.14,28395.7613,2288.8507984230473,2307.7384978682276,29.875926456738142,-19.05799086019033,-5.856557386132129,0.6457665911471926,2311.7974999999997,
2026-05-14 04:00:00,1778731200000,2242.14000000,2275.2,2239.54,2265.48,28603.5337,2286.625008097043,2306.081301873395,36.06876662047276,-18.49203386896761,-4.232480315927527,0.7102954567199887,2311.7974999999997,
2026-05-14 08:00:00,1778745600000,2265.49000000,2270.99,2252.53,2253.81,31025.1104,2283.499769230658,2304.031446897968,38.80560928433275,-18.768825014089998,-3.6074171688399304,0.7995142196203894,2311.7974999999997,
2026-05-14 12:00:00,1778760000000,2253.81000000,2299.7,2246.13,2298.48,68751.7844,2284.9264578753573,2303.813743098048,50.588530826096346,-15.208375626204543,-0.03757422476357952,1.6985363044414168,2311.7974999999997,
2026-05-14 16:00:00,1778774400000,2298.48000000,2319.33,2293.96,2298.34,71280.168,2286.203938077704,2303.5990865059675,52.09341857285389,-12.256703021722387,2.33127870377486,1.6586761979114344,2311.7974999999997,
2026-05-14 20:00:00,1778788800000,2298.34000000,2301.67,2280.18,2283.25,28624.4781,2285.9226106417323,2302.8010831135766,54.10685499347509,-11.008222171809393,2.8638076429502846,0.6865874385132558,2311.7974999999997,
2026-05-15 00:00:00,1778803200000,2283.26000000,2300.29,2260.45,2273.34,56947.0188,2284.724266771091,2301.6457465208873,47.62347801464343,-10.695159144990612,2.541496535815254,1.3440727226772577,2311.7974999999997,
2026-05-15 04:00:00,1778817600000,2273.35000000,2273.91,2237.95,2265.11,50307.0238,2282.856241364321,2300.2129721475194,47.99233622763037,-10.984523905802234,1.8017054200029055,1.1493865485029768,2311.7974999999997,
2026-05-15 08:00:00,1778832000000,2265.11000000,2265.42,2250.0,2257.57,30771.6519,2280.4480279010522,2298.54069872997,40.22296938594947,-11.68753591036102,0.8789547323552966,0.7161603637245085,2311.7974999999997,
2026-05-15 12:00:00,1778846400000,2257.56000000,2260.72,2205.11,2222.85,98329.8622,2274.962501434285,2295.5724360346767,34.96116280858266,-14.87482410868597,-1.8466667727757216,2.132277258723392,2326.9275,
2026-05-15 16:00:00,1778860800000,2222.86000000,2232.88,2218.9,2223.35,32854.539,2270.04702510721,2292.74018364116,34.89857973134215,-17.16258752208978,-3.3075441489436237,0.7343759389311411,2326.9275,
2026-05-15 20:00:00,1778875200000,2223.35000000,2226.29,2215.0,2224.66,19326.455,2265.724451287476,2290.070372517977,46.97890597068291,-18.65490828732527,-3.83989193134329,0.45451449344417555,2326.9275,
2026-05-16 00:00:00,1778889600000,2224.65000000,2231.51,2223.53,2228.01,11176.8318,2262.132598783907,2287.6366324192327,42.03796761585711,-19.344277453394625,-3.6234088779301157,0.26871846282205486,2326.9275,
2026-05-16 04:00:00,1778904000000,2228.00000000,2228.96,2182.0,2194.81,52860.5816,2255.720922709249,2283.996372324361,34.8130174136455,-22.312366943011966,-5.273198694037966,1.21839207381964,2312.2065000000002,
2026-05-16 08:00:00,1778918400000,2194.81000000,2196.87,2162.55,2176.1,66188.9001,2248.1379776893205,2279.765142037131,34.45239664751868,-25.87605680589695,-7.06951084553836,1.4574723520021033,2328.9695,
2026-05-16 12:00:00,1778932800000,2176.11000000,2188.16,2172.3,2180.0,38164.9832,2241.6486464808136,2275.8527835258715,27.848035658754128,-28.06212656393018,-7.404464482857268,0.8241267331976535,2328.9695,
2026-05-16 16:00:00,1778947200000,2180.00000000,2185.22,2170.5,2179.57,23176.1285,2235.736394435022,2272.0769880934845,29.570720968629743,-29.48936496052147,-7.0653623035588495,0.5095258734415067,2328.9695,
2026-05-16 20:00:00,1778961600000,2179.57000000,2183.54,2179.35,2180.77,7721.1509,2230.5014997269245,2268.49632189374,7.422411922158844,-30.175784046620265,-6.201425111726113,0.18924043540400187,2328.9695,
2026-05-17 00:00:00,1778976000000,2180.77000000,2185.6,2167.98,2181.7,22317.4449,2225.8537378481697,2265.092544564574,8.049201553733297,-30.29550516482641,-5.056916983945804,0.5699964851134558,2328.9695,
2026-05-17 04:00:00,1778990400000,2181.71000000,2195.0,2181.14,2186.64,17300.9882,2222.119096148344,2262.015974189492,12.516489485528112,-29.64998176553172,-3.5291148677208923,0.44128172245804775,2328.9695,
2026-05-17 08:00:00,1779004800000,2186.63000000,2198.14,2183.12,2192.0,15590.7778,2219.2506108008824,2259.270249711473,17.286036036036137,-28.378759936847473,-1.806314431229314,0.40426255456244276,2328.9695,
2026-05-17 12:00:00,1779019200000,2192.00000000,2198.04,2178.39,2186.51,18881.2867,2216.132457391275,2256.416906585533,17.675604540220576,-27.49733246495134,-0.7399095674665439,0.4958339542286109,2328.9695,
2026-05-17 16:00:00,1779033600000,2186.51000000,2193.62,2176.63,2192.53,12368.2351,2213.8846043063913,2253.911537699826,22.913543228385905,-26.01316755147218,0.5954042768100969,0.33295367787901237,2328.9695,
2026-05-17 20:00:00,1779048000000,2192.54000000,2194.82,2091.48,2131.0,88658.0822,2205.990832467687,2249.091477397872,18.730850411929026,-29.462289997589778,-2.2829745354460016,2.324401357176786,2294.254,
2026-05-18 00:00:00,1779062400000,2131.00000000,2132.0,2104.99,2118.44,66934.9313,2197.652657946955,2243.9678900489357,16.994903416598603,-32.830778637737694,-4.521170540475133,1.7649258291479395,2320.6400000000003,
2026-05-18 04:00:00,1779076800000,2118.44000000,2125.83,2110.0,2120.82,32135.9981,2190.335261952007,2239.1385610274087,17.550000000000196,-34.9059104368539,-5.27704187167307,0.8434502701669654,2320.6400000000003,
2026-05-18 08:00:00,1779091200000,2120.82000000,2139.75,2110.5,2133.9,32838.4005,2184.960475099435,2235.0115586341767,22.27655688446353,-35.090518992436955,-4.369320341804897,0.8900450261776837,2320.6400000000003,
2026-05-18 12:00:00,1779105600000,2133.90000000,2157.24,2093.77,2107.48,113725.5324,2177.581382232822,2230.0103210406796,23.20343663700521,-36.942841718406726,-4.977314454219734,2.8384450780184713,2316.5299999999997,
2026-05-18 16:00:00,1779120000000,2107.49000000,2128.49,2077.23,2125.07,93607.2455,2172.5802982106484,2225.895014333202,34.23345486003839,-36.56989978897127,-3.683498019827418,2.1664373192341584,2316.5299999999997,
2026-05-18 20:00:00,1779134400000,2125.07000000,2142.67,2114.59,2130.08,42636.2854,2168.5326507620152,2222.1375627907237,34.68147784460531,-35.4612997042118,-2.059918348054353,1.0547468869312333,2316.5299999999997,
2026-05-19 00:00:00,1779148800000,2130.08000000,2146.95,2118.6,2131.3,28665.0307,2164.9866840227755,2218.5753054263814,35.25926830757956,-34.09129907137503,-0.5519341721740716,0.7128164142996485,2316.5299999999997,
2026-05-19 04:00:00,1779163200000,2131.30000000,2145.0,2123.61,2140.97,24673.1361,2162.699380782511,2215.531960115543,38.44367015098717,-31.858035908082456,1.3450631928948056,0.6094977061707656,2316.5299999999997,
2026-05-19 08:00:00,1779177600000,2140.97000000,2141.4,2106.77,2110.85,35095.6348,2157.76134451751,2211.426785209051,32.409752222056724,-32.14800880398616,0.8440722375928829,0.8420856360431778,2316.5299999999997,
2026-05-19 12:00:00,1779192000000,2110.85000000,2127.53,2094.47,2110.19,55879.338,2153.2307402777474,2207.456715200853,30.607275125564414,-32.0614860437513,0.7444759982621889,1.3359321675341749,2316.5299999999997,
2026-05-19 16:00:00,1779206400000,2110.20000000,2125.07,2107.12,2113.15,24674.862,2149.413526917962,2203.758412643957,29.751938780750848,-31.392199139934746,1.1310103216629983,0.6207157416699121,2316.5299999999997,
2026-05-19 20:00:00,1779220800000,2113.14000000,2120.59,2102.09,2111.93,17957.0734,2145.8436672114894,2200.1572984226254,30.41902961562687,-30.607405136774105,1.5326434598589174,0.4635054950630378,2316.5299999999997,
2026-05-20 00:00:00,1779235200000,2111.93000000,2119.24,2103.29,2111.6,19314.4795,2142.5823655722998,2196.684463190366,28.09742895805134,-29.670060488864692,1.9759904862146662,0.5010397643246218,2316.5299999999997,
2026-05-20 04:00:00,1779249600000,2111.60000000,2136.5,2107.3,2129.74,35114.2894,2141.359283136843,2194.0591901240773,49.554329371816564,-27.150487781940683,3.596450554510941,0.8796505654129488,2316.5299999999997,
2026-05-20 08:00:00,1779264000000,2129.75000000,2138.0,2124.28,2128.3,22183.4247,2140.1155418857147,2191.4803983545057,53.785319410319474,-24.9819281080604,4.61200818271298,0.5558118553122614,2316.5299999999997,
2026-05-20 12:00:00,1779278400000,2128.31000000,2149.0,2113.87,2136.75,58916.9837,2139.7950140870753,2189.3341082229567,55.843298364023156,-22.324145707064872,5.815832466966807,1.4030341521259933,2316.5299999999997,
2026-05-20 16:00:00,1779292800000,2136.76000000,2148.77,2124.1,2139.12,32155.664,2139.730727031163,2187.364927508331,52.078025477706944,-19.798371510193192,6.67328533107079,0.7509356959187331,2316.5299999999997,
2026-05-20 20:00:00,1779307200000,2139.12000000,2140.76,2118.45,2129.44,21403.4527,2138.7506577901,2185.093361723691,60.086349439647385,-18.36605985725737,6.484477587205291,0.4983700970030169,2316.5299999999997,
2026-05-21 00:00:00,1779321600000,2129.44000000,2157.5,2128.59,2145.76,27764.9747,2139.418214191043,2183.550876950213,59.61520587415201,-15.732698193478427,7.2942714007873874,0.6351108086620635,2316.5299999999997,
2026-05-21 04:00:00,1779336000000,2145.76000000,2148.75,2124.25,2135.06,27168.5527,2139.003146172848,2181.6492739325577,52.198093220339004,-14.343794346432787,6.9465401982664225,0.6684802888719354,2316.5299999999997,
2026-05-21 08:00:00,1779350400000,2135.07000000,2148.33,2110.0,2115.27,41666.6187,2136.7428465373387,2179.046165150889,43.92112248767527,-14.670849231551074,5.2955882505185095,1.0580964125872359,2316.5299999999997,
2026-05-21 12:00:00,1779364800000,2115.28000000,2138.05,2105.15,2132.65,65871.6779,2136.3530516290207,2177.2267076939916,47.01920321008895,-13.373460902438637,5.274381263704758,1.6040585118132566,2316.5299999999997,
2026-05-21 16:00:00,1779379200000,2132.64000000,2153.75,2121.79,2142.83,55972.0073,2136.9699038548283,2175.877817196188,63.36732987794691,-11.392504679886315,5.804269989005665,1.3256499486748394,2316.5299999999997,
2026-05-21 20:00:00,1779393600000,2142.84000000,2143.46,2127.27,2133.76,14445.2804,2136.664198725797,2174.226138090455,59.20487385768972,-10.434177101762998,5.410078053703186,0.38770636811476383,2316.5299999999997,
2026-05-22 00:00:00,1779408000000,2133.77000000,2141.39,2125.68,2137.88,14039.1024,2136.7799893233405,2172.80079934181,59.571174239492294,-9.235781681845765,5.286778778896336,0.4218493797655543,2316.5299999999997,
2026-05-22 04:00:00,1779422400000,2137.89000000,2141.34,2122.22,2128.7,23434.8628,2136.010466530641,2171.0713562303667,56.11374407582941,-8.92392451032265,4.478908760335562,0.7250925635078588,2316.5299999999997,
2026-05-22 08:00:00,1779436800000,2128.70000000,2133.34,2119.18,2130.78,30833.2166,2135.5123268610564,2169.491303044862,56.90424766018731,-8.411968897188217,3.992691498775997,0.9508140002770961,2316.5299999999997,
2026-05-22 12:00:00,1779451200000,2130.78000000,2138.0,2112.47,2119.48,42385.9585,2133.985438588575,2167.5300754744753,46.115402089959204,-8.816425680091925,2.8705877726978333,1.2723215601192106,2316.5299999999997,
2026-05-22 16:00:00,1779465600000,2119.49000000,2130.0,2058.0,2065.54,71524.6579,2127.4668253896634,2163.530464671555,32.99739921976591,-13.33574167034294,-1.3189825740425452,2.0356908669696137,2319.6235,
2026-05-22 20:00:00,1779480000000,2065.54000000,2079.59,2057.79,2065.85,39565.4566,2121.5985563049335,2159.6998582138467,29.905906359823177,-16.699812697801008,-3.7464428812004904,1.1528520801749516,2319.6235,
2026-05-23 00:00:00,1779494400000,2065.86000000,2072.0,2053.0,2070.78,35673.5475,2116.7586937997016,2156.2128049505586,30.908481394569407,-18.75189327261478,-4.638818764811409,1.0230568821676698,2319.6235,
2026-05-23 04:00:00,1779508800000,2070.78000000,2071.19,2009.3,2028.59,75799.2127,2108.361675342587,2151.207989070145,26.157265118918275,-23.511535964875293,-7.518769165657538,2.0073055726200333,2307.6145,
2026-05-23 08:00:00,1779523200000,2028.58000000,2036.01,2021.07,2031.48,34325.3716,2101.0396110242455,2146.512773812492,21.150156518226936,-26.74212170992405,-8.599483928565036,0.891285298172993,2307.6145,
2026-05-23 12:00:00,1779537600000,2031.48000000,2068.68,2027.35,2060.27,54590.2681,2097.1567909266982,2143.130704251218,32.69951422623187,-26.671815707213682,-6.823342340683734,1.3825216013206623,2307.6145,
2026-05-23 16:00:00,1779552000000,2060.27000000,2083.64,2057.25,2077.33,39862.3851,2095.2685251241555,2140.5502844766606,41.111423484209574,-24.951868659994034,-4.082716234771269,0.9874268524820761,2307.6145,
2026-05-23 20:00:00,1779566400000,2077.34000000,2149.95,2074.84,2117.68,110295.4439,2097.402951302807,2139.653410575615,46.833622403654935,-20.101176601232055,0.6143806591925696,2.5686610713333624,2307.6145,
2026-05-24 00:00:00,1779580800000,2117.69000000,2127.28,2113.1,2119.04,29103.0509,2099.4636226073017,2138.845041533434,44.77303686777697,-15.963213573983012,3.801874949153291,0.6801962670958187,2307.6145,
2026-05-24 04:00:00,1779595200000,2119.05000000,2129.93,2113.65,2121.01,28463.348,2101.5156585494633,2138.145628139966,47.108450129269315,-12.382151788257943,5.9063493879026865,0.6598016467148472,2307.6145,
2026-05-24 08:00:00,1779609600000,2121.02000000,2132.14,2119.05,2126.18,20978.1989,2103.8646434495145,2137.6763878207516,47.359154929577414,-9.022947804704017,7.4124426971652895,0.4901458541995786,2307.6145,
2026-05-24 12:00:00,1779624000000,2126.19000000,2126.58,2079.52,2095.84,53181.4865,2103.100391692418,2136.0357451611144,43.22976759518716,-8.70855211611115,6.1814707086065255,1.205914151115207,2307.6145,
2026-05-24 16:00:00,1779638400000,2095.83000000,2109.0,2095.22,2100.87,16390.0018,2102.887973435997,2134.656696331267,43.911574319097774,-7.961734387258275,5.542630749967522,0.38261564400103676,2307.6145,
2026-05-24 20:00:00,1779652800000,2100.87000000,2107.0,2063.0,2099.85,49632.6744,2102.598642632569,2133.291727847688,45.82961546632672,-7.367256287589498,4.909687079709039,1.1810336287642555,2307.6145,
2026-05-25 00:00:00,1779667200000,2099.86000000,2113.25,2092.57,2095.58,24131.108,2101.930200477086,2131.812836559543,58.08918569582077,-7.15816653670845,4.095021464472071,0.5968211156452107,2307.6145,
2026-05-25 04:00:00,1779681600000,2095.59000000,2117.55,2092.26,2116.28,42000.3305,2103.296848050697,2131.203705714071,62.236133352744275,-5.261493181611058,4.7933558556555695,1.0045406401989274,2307.6145,
2026-05-25 08:00:00,1779696000000,2116.29000000,2124.1,2111.7,2114.95,21667.0316,2104.4066720458686,2130.5663054899896,60.90778880821839,-3.8216323685678617,4.986573334959013,0.5135355735379967,2307.6145,
2026-05-25 12:00:00,1779710400000,2114.95000000,2138.28,2112.25,2127.12,29687.9855,2106.5698461367383,2130.431156255088,78.56770078283559,-1.679158713122888,5.70323759232319,0.6984662764021143,2307.6145,
2026-05-25 16:00:00,1779724800000,2127.13000000,2141.98,2116.55,2121.43,23506.4643,2107.98509888562,2130.0781697352804,75.66333808844502,-0.4353499094199833,5.557637116820876,0.557842166815154,2307.6145,
2026-05-25 20:00:00,1779739200000,2121.42000000,2123.16,2102.35,2113.01,25435.678,2108.4636608965134,2129.4088297456615,67.02608471074392,-0.12757549159641712,4.692329227715555,0.6160149182450875,2307.6145,
2026-05-26 00:00:00,1779753600000,2113.01000000,2113.89,2084.83,2093.76,20434.4189,2107.0633122397026,2128.0108364223024,55.230152161456786,-1.420600372314766,2.719443477597765,0.5275280763059911,2307.6145,
